{"loss":{"0":0.657310605,"1":0.4386901557,"2":0.3308418691,"3":0.2490762919,"4":0.1910277307,"5":0.1495237648,"6":0.1210949719,"7":0.1041014642,"8":0.0916265547,"9":0.0847948566,"10":0.0809113532,"11":0.0745557249,"12":0.0701958686,"13":0.0680625439,"14":0.065221943,"15":0.063400656,"16":0.0596359223,"17":0.0578949451,"18":0.0563861392,"19":0.05539646,"20":0.0548658669,"21":0.0520201363,"22":0.053446278,"23":0.0488948748,"24":0.0500176735,"25":0.0472970083,"26":0.0474040657,"27":0.0461818874,"28":0.044316195,"29":0.0439952277,"30":0.0434223227,"31":0.0422601029,"32":0.0411753505,"33":0.0406414755,"34":0.0422299504,"35":0.0399710238,"36":0.0402897075,"37":0.0343422554,"38":0.0329961888,"39":0.0329171941,"40":0.0327918567,"41":0.0327565335,"42":0.0325973295,"43":0.0326210484,"44":0.0324046388,"45":0.0323636904,"46":0.0321411677,"47":0.0317238048,"48":0.0316555277,"49":0.0318022147},"val_loss":{"0":0.4161597192,"1":0.4006488621,"2":0.3980702162,"3":0.3844730258,"4":0.3681210279,"5":0.3381365836,"6":0.3050964773,"7":0.2648718357,"8":0.2254515886,"9":0.2072951198,"10":0.1569889784,"11":0.1419992447,"12":0.0987031534,"13":0.0928208008,"14":0.0847299919,"15":0.0697385967,"16":0.0589427687,"17":0.0590357967,"18":0.0543507561,"19":0.0550760217,"20":0.0487066172,"21":0.0517798215,"22":0.0451886095,"23":0.0477597415,"24":0.0499380566,"25":0.0455241986,"26":0.0538456887,"27":0.0432288907,"28":0.0430539995,"29":0.05045994,"30":0.0393110551,"31":0.0379054584,"32":0.0396957323,"33":0.0396566577,"34":0.0414010771,"35":0.0465876721,"36":0.0412808098,"37":0.032031212,"38":0.0317615308,"39":0.0314669609,"40":0.0313466154,"41":0.0309138559,"42":0.031887684,"43":0.0312518626,"44":0.0309492499,"45":0.0314183161,"46":0.0313825123,"47":0.0305341687,"48":0.0302335192,"49":0.0302380454},"lr":{"0":0.001,"1":0.001,"2":0.001,"3":0.001,"4":0.001,"5":0.001,"6":0.001,"7":0.001,"8":0.001,"9":0.001,"10":0.001,"11":0.001,"12":0.001,"13":0.001,"14":0.001,"15":0.001,"16":0.001,"17":0.001,"18":0.001,"19":0.001,"20":0.001,"21":0.001,"22":0.001,"23":0.001,"24":0.001,"25":0.001,"26":0.001,"27":0.001,"28":0.001,"29":0.001,"30":0.001,"31":0.001,"32":0.001,"33":0.001,"34":0.001,"35":0.001,"36":0.001,"37":0.0001,"38":0.0001,"39":0.0001,"40":0.0001,"41":0.0001,"42":0.0001,"43":0.0001,"44":0.0001,"45":0.0001,"46":0.0001,"47":0.00001,"48":0.00001,"49":0.00001}}