{"loss":{"0":0.9979222417,"1":0.7221000195,"2":0.6906754375,"3":0.6709785461,"4":0.6473882198,"5":0.6088469625,"6":0.5566929579,"7":0.4990701973,"8":0.4606742859,"9":0.4305218458,"10":0.4146716297,"11":0.394744575,"12":0.3820459843,"13":0.3611376882,"14":0.344406873,"15":0.328764081,"16":0.3084618449,"17":0.2938826382,"18":0.2774665952,"19":0.267172277,"20":0.2556262612,"21":0.2433551252,"22":0.2320782393,"23":0.2223410159,"24":0.2141978294,"25":0.2055838555,"26":0.1993991435,"27":0.193803817,"28":0.1843950599,"29":0.181340456,"30":0.174235791,"31":0.1684487313,"32":0.1638677418,"33":0.159288317,"34":0.1565379351,"35":0.152315706,"36":0.1475469321,"37":0.1457511932,"38":0.1384261698,"39":0.1355789453,"40":0.1345559359,"41":0.1315123588,"42":0.1269888133,"43":0.1272912472,"44":0.1216541231,"45":0.1221567467,"46":0.1182378829,"47":0.1176710129,"48":0.1138933003,"49":0.1146678925},"val_loss":{"0":0.6570011973,"1":0.6386346221,"2":0.6089693904,"3":0.5935537815,"4":0.5822691321,"5":0.5217524767,"6":0.4696030021,"7":0.4423951209,"8":0.4056001902,"9":0.3929751217,"10":0.3743705153,"11":0.3686677814,"12":0.3552326262,"13":0.3304048777,"14":0.3335911632,"15":0.3090301156,"16":0.2914282978,"17":0.2854878902,"18":0.2978902757,"19":0.2741448581,"20":0.2574851513,"21":0.2535302937,"22":0.253854841,"23":0.2320580333,"24":0.2321356833,"25":0.2218336612,"26":0.2166832536,"27":0.2078051865,"28":0.1956448704,"29":0.2006725818,"30":0.1859012395,"31":0.1836796105,"32":0.1763434261,"33":0.1806885898,"34":0.1705277562,"35":0.1679166555,"36":0.1766341776,"37":0.1639978141,"38":0.16425924,"39":0.1585050821,"40":0.1587072462,"41":0.161956653,"42":0.1551413089,"43":0.1549504399,"44":0.1462667733,"45":0.1559707373,"46":0.1427442431,"47":0.1411436051,"48":0.1491092145,"49":0.1418865472},"lr":{"0":0.001,"1":0.001,"2":0.001,"3":0.001,"4":0.001,"5":0.001,"6":0.001,"7":0.001,"8":0.001,"9":0.001,"10":0.001,"11":0.001,"12":0.001,"13":0.001,"14":0.001,"15":0.001,"16":0.001,"17":0.001,"18":0.001,"19":0.001,"20":0.001,"21":0.001,"22":0.001,"23":0.001,"24":0.001,"25":0.001,"26":0.001,"27":0.001,"28":0.001,"29":0.001,"30":0.001,"31":0.001,"32":0.001,"33":0.001,"34":0.001,"35":0.001,"36":0.001,"37":0.001,"38":0.001,"39":0.001,"40":0.001,"41":0.001,"42":0.001,"43":0.001,"44":0.001,"45":0.001,"46":0.001,"47":0.001,"48":0.001,"49":0.001}}