{"loss":{"0":0.8625079989,"1":0.6755034924,"2":0.6666134,"3":0.6597276926,"4":0.6506815553,"5":0.6408729553,"6":0.6295021772,"7":0.6090970635,"8":0.5860897899,"9":0.5523405671,"10":0.5167109966,"11":0.4846037328,"12":0.4584646225,"13":0.4334518313,"14":0.4155589938,"15":0.3981388509,"16":0.3840489388,"17":0.3698404431,"18":0.3613063991,"19":0.3493733406,"20":0.3380638361,"21":0.3296738267,"22":0.3216049075,"23":0.3109912872,"24":0.3052259088,"25":0.2988496721,"26":0.2902837098,"27":0.2849152982,"28":0.2806831896,"29":0.2746698558,"30":0.2680689096,"31":0.2639703751,"32":0.2590897679,"33":0.2563551962,"34":0.25071913,"35":0.247648865,"36":0.2431004792,"37":0.2407597154,"38":0.237246573,"39":0.2346944958,"40":0.230237186,"41":0.22833924,"42":0.2254274637,"43":0.2218283564,"44":0.2193030417,"45":0.2167201191,"46":0.2162338793,"47":0.2119225562,"48":0.2107843161,"49":0.2091391385,"50":0.2062482685,"51":0.2048240602,"52":0.2041698098,"53":0.2018381208,"54":0.1997438669,"55":0.1971231252,"56":0.1966689229,"57":0.1956353784,"58":0.192108199,"59":0.1914597005,"60":0.1885875463,"61":0.1882894486,"62":0.1876349747,"63":0.1864542067,"64":0.1843370795,"65":0.1846085936,"66":0.1839157939,"67":0.1810396165,"68":0.1780818254,"69":0.1801819503,"70":0.1796541065,"71":0.1764788032,"72":0.1749870181,"73":0.1755470186,"74":0.172871843,"75":0.1755967587,"76":0.1711439937,"77":0.1705828458,"78":0.1692228317,"79":0.166683048,"80":0.1672147065,"81":0.1692128628,"82":0.1636141837,"83":0.1642581969,"84":0.1651360095,"85":0.1643241644,"86":0.1622765064,"87":0.1609346122,"88":0.1628744453,"89":0.1605711579,"90":0.1598210931,"91":0.1504321843,"92":0.1464184523,"93":0.1427864879,"94":0.1417666525,"95":0.1412488371,"96":0.1404179186,"97":0.1401794553,"98":0.1386425197,"99":0.1389509588},"val_loss":{"0":0.6505819559,"1":0.6153093576,"2":0.6092945337,"3":0.6146854162,"4":0.6047384143,"5":0.5873131752,"6":0.5793884993,"7":0.5574605465,"8":0.5451497436,"9":0.5305892229,"10":0.5093317032,"11":0.4780421853,"12":0.4624428153,"13":0.4554716051,"14":0.4386286736,"15":0.4408484101,"16":0.4075899124,"17":0.4102426171,"18":0.4057229161,"19":0.3912406862,"20":0.3876414597,"21":0.3750597239,"22":0.3738969564,"23":0.3662337661,"24":0.3817708194,"25":0.3556700647,"26":0.3497411907,"27":0.339656502,"28":0.3563640118,"29":0.3404106796,"30":0.3394336402,"31":0.3335991204,"32":0.3234757185,"33":0.3283840716,"34":0.3322414458,"35":0.3183248937,"36":0.3136563301,"37":0.3193900585,"38":0.3131896257,"39":0.3200740516,"40":0.313298285,"41":0.3099545538,"42":0.3099119365,"43":0.30240044,"44":0.31571576,"45":0.3057804406,"46":0.294713527,"47":0.2972920835,"48":0.2967189848,"49":0.2939114869,"50":0.2972591221,"51":0.2997117043,"52":0.286437571,"53":0.2976149619,"54":0.2964817286,"55":0.2854941487,"56":0.2892990708,"57":0.2875154018,"58":0.2822271287,"59":0.2844510376,"60":0.2785431743,"61":0.2850742042,"62":0.2872877717,"63":0.276951015,"64":0.2773540318,"65":0.2845266461,"66":0.2871260643,"67":0.2782433331,"68":0.2724328339,"69":0.2842350304,"70":0.2757300138,"71":0.2792485654,"72":0.2751923203,"73":0.2733166814,"74":0.2707622945,"75":0.2862063348,"76":0.274176389,"77":0.2718361318,"78":0.2728186846,"79":0.2684772909,"80":0.2628415525,"81":0.2712874711,"82":0.2707391083,"83":0.2740901113,"84":0.2646200955,"85":0.2711182237,"86":0.2640986741,"87":0.2689067721,"88":0.2697378993,"89":0.2739933431,"90":0.2688145041,"91":0.2566859722,"92":0.2539410293,"93":0.2536720932,"94":0.253757149,"95":0.2523143888,"96":0.2522253692,"97":0.2506236732,"98":0.2511434853,"99":0.2518318295},"lr":{"0":0.001,"1":0.001,"2":0.001,"3":0.001,"4":0.001,"5":0.001,"6":0.001,"7":0.001,"8":0.001,"9":0.001,"10":0.001,"11":0.001,"12":0.001,"13":0.001,"14":0.001,"15":0.001,"16":0.001,"17":0.001,"18":0.001,"19":0.001,"20":0.001,"21":0.001,"22":0.001,"23":0.001,"24":0.001,"25":0.001,"26":0.001,"27":0.001,"28":0.001,"29":0.001,"30":0.001,"31":0.001,"32":0.001,"33":0.001,"34":0.001,"35":0.001,"36":0.001,"37":0.001,"38":0.001,"39":0.001,"40":0.001,"41":0.001,"42":0.001,"43":0.001,"44":0.001,"45":0.001,"46":0.001,"47":0.001,"48":0.001,"49":0.001,"50":0.001,"51":0.001,"52":0.001,"53":0.001,"54":0.001,"55":0.001,"56":0.001,"57":0.001,"58":0.001,"59":0.001,"60":0.001,"61":0.001,"62":0.001,"63":0.001,"64":0.001,"65":0.001,"66":0.001,"67":0.001,"68":0.001,"69":0.001,"70":0.001,"71":0.001,"72":0.001,"73":0.001,"74":0.001,"75":0.001,"76":0.001,"77":0.001,"78":0.001,"79":0.001,"80":0.001,"81":0.001,"82":0.001,"83":0.001,"84":0.001,"85":0.001,"86":0.001,"87":0.001,"88":0.001,"89":0.001,"90":0.001,"91":0.0001,"92":0.0001,"93":0.0001,"94":0.0001,"95":0.0001,"96":0.0001,"97":0.0001,"98":0.0001,"99":0.0001}}